<?xml version="1.0" encoding="utf-8"?>
<module>
    <name>MySQL Databases</name>
    <version>100</version>
    <defaultcat>Databases</defaultcat>
    <desc>MySQL databases are used by many PHP applications such as forums and ecommerce systems, below you can manage and create MySQL databases.</desc>
    <authorname>Sentora Project</authorname>
    <authoremail>info@sentora.org</authoremail>
    <authorurl>http://sentora.org/</authorurl>
    <updateurl>http://store.sentora.org/version.xml</updateurl>
</module>