<?xml version="1.0" encoding="utf-8"?>
<module>
    <name>PHP Info</name>
    <version>100</version>
    <defaultcat>Server Admin</defaultcat>
    <desc>PHPInfo provides you with information regarding the version of PHP running on this system as well as installed PHP extensions and configuration details.
    </desc>
    <authorname>Sentora Project</authorname>
    <authoremail>info@sentora.org</authoremail>
    <authorurl>http://sentora.org/</authorurl>
    <updateurl>http://store.sentora.org/version.xml</updateurl>
</module>