<?xml version="1.0" encoding="utf-8"?>
<module>
    <name>Package Manager</name>
    <version>110</version>
    <defaultcat>Reseller</defaultcat>
    <desc>Welcome to the Package Manager, using this module enables you to create and manage existing reseller packages on your Sentora hosting account.</desc>
    <authorname>Sentora Project</authorname>
    <authoremail>info@sentora.org</authoremail>
    <authorurl>http://sentora.org/</authorurl>
    <updateurl>http://store.sentora.org/version.xml</updateurl>
</module>