<?xml version="1.0" encoding="utf-8"?>
<module>
    <name>Usage Viewer</name>
    <version>100</version>
    <defaultcat>Account Information</defaultcat>
    <desc>The account usage screen enables you to see exactly what you are currently using on your hosting package.</desc>
    <authorname>Sentora Project</authorname>
    <authoremail>info@sentora.org</authoremail>
    <authorurl>http://sentora.org/</authorurl>
    <updateurl>http://store.sentora.org/version.xml</updateurl>
</module>